driverId,name,ssn,location,certified,wage-plan
10,Patricia Pena,455-15-0889,"PSC 7668, Box 0286
APO AA 57841",Y,miles
11,Victoria Parker,392-63-6428,"733 Cynthia Road Apt. 821
Valenzuelaview, FM 54768",N,miles
12,Sandra Macias,378-54-8057,"807 Virginia Parks
North Laurafurt, OK 58041",Y,hours
13,Rachel Guzman,058-02-5833,"6839 Michelle Turnpike
North Alyssahaven, CT 14544",N,hours
14,Sharon Sanchez,219-69-7735,"3699 Campos Alley Apt. 255
Jonesmouth, PR 80881",Y,hours
15,Brandon Williams Jr.,702-50-6077,"803 Harold Lane Apt. 247
East Christopher, NE 89375",N,hours
16,Megan Cruz,148-98-8479,"484 Alexander Unions
North Derrick, DE 70089",Y,miles
17,Marie Owens,775-96-9360,"07369 Joshua Road
South Erik, OR 93541",Y,hours
18,Meghan Williams,202-36-6176,"6611 Raymond Valley
New Michele, PR 22214",N,hours
19,Kevin Jackson,574-92-8008,"5538 Patterson Mountain
Davidberg, VT 84962",Y,hours
20,Lorraine Baker,352-02-9623,"185 Smith Motorway Suite 919
East Matthewhaven, WA 71813",Y,hours
21,Jeffrey Smith,267-88-6088,"25281 Jason Cove Apt. 553
Clineberg, SD 37520",Y,miles
22,Eric Harrell,041-22-7573,"27815 Valenzuela Ridge
Natashamouth, AK 85720",N,hours
23,Tanya Turner,142-98-0448,"535 Heath Plaza Suite 773
Lake Jennifer, NE 29622",N,miles
24,Anthony Bailey,623-05-0671,"402 Brian Run
Andersonview, FL 71901",Y,miles
25,Amy Ayala,206-62-1369,"75502 Buchanan Burg Apt. 066
Lake Justinside, MT 33076",Y,miles
26,Harold Daniels,691-29-6167,"91923 Alexandria Freeway Apt. 087
New Ashley, WV 05948",Y,hours
27,Brad Fox,778-10-2801,"697 William Plaza Apt. 543
New Jillborough, DE 11717",Y,miles
28,Brian Miller,627-22-5175,"083 Amanda Falls
Richardston, WI 21370",N,hours
29,Dr. Jimmy Riley II,356-65-5849,"45429 Myers Plains Suite 771
Port Erinchester, PA 79378",Y,hours
30,Michael Lee,435-43-4326,"904 Jonathan Run Apt. 047
Dawntown, VT 03068",N,miles
31,Michael Bailey,820-48-0361,"865 Rose Key Apt. 632
Deniseborough, ID 90603",N,miles
32,Anita Long,667-99-8535,"97122 Huffman Fort
East Jason, DE 03156",N,miles
33,Stacy Golden,593-55-3735,"997 Jessica Junction Suite 651
Wagnertown, OR 38453",Y,miles
34,Bianca Gross,613-98-1282,"291 Moreno Hill Suite 697
Robertshire, VI 31816",Y,miles
35,Anthony Wade,324-85-2431,"77439 Lisa Island Apt. 240
West Ronald, WI 80903",Y,hours
36,Shannon Zavala,604-17-8988,"67677 Johnson Path Suite 571
Timothyside, VT 51712",N,hours
37,Ryan Padilla,233-31-0281,"930 Scott Pass Suite 806
New Abigail, AS 93905",Y,miles
38,Denise Hoover,639-44-6780,"464 Giles Motorway
West Jacqueline, HI 26213",Y,hours
39,Kimberly Rasmussen,738-56-6226,"USCGC Sparks
FPO AA 65032",Y,hours
40,Raymond Jones,753-28-6948,"83003 Rangel Plaza Suite 773
East Mario, SC 18545",Y,hours
41,Kenneth Davenport,205-37-1508,"Unit 8441 Box 7156
DPO AA 62458",Y,miles
42,Allison Jenkins,685-06-8089,"6117 Cheryl Lodge
Sarahberg, IL 04396",Y,miles
43,Jordan Gonzalez,459-87-5152,"410 Townsend Key Apt. 056
Webbfort, SC 41078",Y,miles
44,Karen Powers,487-44-5642,"65463 Lisa Trafficway Apt. 626
East Krystal, ME 53147",N,hours
45,Stephen Bartlett,101-14-9253,"100 Matthew Lake Suite 188
West Pamelaville, PA 87229",N,hours
46,Deanna Hall,440-71-9721,"42945 Pamela Cliff Apt. 258
New Bianca, ID 68526",N,miles
47,Alex Gentry,227-80-3325,"3948 Murphy Junctions
Lake Michaelside, VI 77700",Y,miles
48,Kaitlin Walker,715-83-3460,"03464 Claudia Camp
Carlsonton, WI 33898",N,miles
49,Lori Schaefer,404-41-5966,"358 Davis Mill
North Diane, MO 56498",Y,hours
50,Laura Hammond,108-38-0131,"1414 Green Viaduct
Reginafurt, NM 64453",Y,hours
51,Samuel Richardson,538-57-7444,"67564 Heidi Plains
North Gregg, NH 65777",N,miles
52,Donna Hardin,475-27-0112,"030 David Locks
Hensleytown, OK 43469",N,miles
53,Melissa Gomez,362-56-0377,"0962 Walter Mountains Suite 988
Port Emily, HI 22944",Y,hours
54,Cristina Gallagher,831-55-2152,"Unit 8288 Box 6487
DPO AE 20741",Y,miles
55,Dustin Hernandez,435-53-7553,"2859 Kathryn Greens Suite 778
West George, WV 50597",Y,hours
56,Brooke Meyers,678-86-6108,"06360 Michelle Vista Apt. 240
Jeffreyton, HI 48335",Y,miles
57,Peter Gordon,208-74-8051,"5572 Tracy Brooks Apt. 162
Amyport, FL 01282",Y,miles
58,Madison Sandoval,511-29-3129,"812 Smith View
Gloverberg, WY 84541",Y,hours
59,Lee Boyd,424-84-2964,"1373 Reyes Tunnel
Gillborough, GU 50798",Y,hours
60,Robin Davis,802-91-7953,"830 Scott Mission Apt. 418
Port Bradley, VA 97452",Y,miles
61,Meghan Brown,338-42-2859,"7936 Jeffrey Trafficway
Thomasburgh, FM 20960",N,miles
62,Miranda Smith,345-40-5061,"76875 Laura Center Suite 590
Marymouth, CT 07167",N,miles
63,Courtney Ibarra,430-64-3077,"285 Brown Isle
Stefaniehaven, MP 19598",Y,hours
64,Kristin Fox,470-14-9452,"078 White Knolls
Anthonymouth, OK 17481",Y,hours
65,Matthew Anderson,303-17-1023,"75472 Oliver Shoal Apt. 439
Port Dawnton, WV 81651",N,miles
66,Joan Chavez,670-37-3008,"1891 Rose Orchard
West Andrew, NC 64313",N,miles
67,Maurice Potts,759-09-1587,"599 Colleen Junction
Paulview, SC 56229",N,hours
68,Shawn Bailey,619-11-7393,"615 Riley Keys Suite 219
Coreyland, NM 91053",Y,hours
69,Amy Bowers,787-19-8751,"842 Mcmillan Fall Apt. 325
Torreschester, GU 09604",N,miles
70,John Meyer,208-64-4757,"65189 Richard Oval
Cherylhaven, GA 11275",Y,hours
71,Jamie Wiggins,207-24-7494,"27369 Wilson Lock Suite 671
East Amanda, OR 60622",Y,miles
72,Bradley Crosby,796-41-0799,"95049 Wright Street
Lake Walter, ME 98919",Y,hours
73,Carolyn Thompson,204-29-8148,"14998 Owen Gardens Suite 061
Vincentberg, MA 83238",N,hours
74,Adam Lee,383-25-3292,"6017 Justin Well Suite 702
South Katie, DE 02827",Y,hours
75,Mary Walker,114-35-7240,"109 Black Trafficway Suite 661
Kingberg, NH 50297",Y,hours
76,Scott Abbott,126-27-3477,"644 Christopher Junctions
Bridgetmouth, WY 83893",Y,hours
77,Donna Roberts,878-52-0573,"8145 Shaun Junction
Cherylton, CA 41414",N,miles
78,Elizabeth Finley,347-98-7326,"072 Max Parkways Apt. 664
Christophermouth, AZ 98514",N,hours
79,Melissa Michael,517-56-5310,"323 Calhoun Landing
Wolfland, PR 26219",Y,hours
80,Timothy Mendoza,459-52-0112,"9355 Jennifer Rapids Suite 233
Port Kimberly, GA 70080",N,hours
81,Phyllis Wilson,370-07-8730,"8806 Adams Highway
Trujillohaven, NM 28921",N,hours
82,Travis Cochran,799-15-8754,"543 Ashley Forks
South Nicole, MS 49907",N,hours
83,Jose Kelly,882-60-4345,"84018 Dunn Burg
South Emilychester, ND 84431",N,miles
84,Lisa Jarvis,278-55-1464,"985 Baker Mountain Apt. 574
New Stephanie, AK 37612",Y,hours
85,Devin English,369-82-8130,"USS Casey
FPO AP 13433",Y,miles
86,Shari Hood,433-53-5916,"4240 Julie Avenue
Lake Vanessa, HI 63803",N,miles
87,Lauren Dickerson,882-42-6989,"PSC 5238, Box 5988
APO AE 64068",Y,hours
88,April Obrien,332-21-8635,"9515 Holly Isle Suite 635
Baileyport, TX 41482",N,hours
89,Melissa Bradshaw,389-64-2837,"1829 Samuel View
Port Pamela, WY 96196",Y,hours
90,Isaiah Davis,108-92-2637,"825 Jeffrey Mission
East Wesley, WA 47984",Y,hours
91,Ryan Mendoza,859-09-5272,"4520 Wright Course
North Kyleville, AR 50531",N,miles
92,Robert Hardy,123-78-1017,"176 Newton Key Apt. 343
Campbelltown, NY 00740",N,miles
93,Lindsey Adams,140-68-3519,"5376 Jones Road
South Janet, GU 23755",N,miles
94,Sara Johnson,056-92-9423,"4328 Hernandez Canyon Suite 430
West Kathyfurt, MD 76489",N,miles
95,Elizabeth Eaton,375-03-2210,"51510 Briana Tunnel
Sophiafurt, RI 35090",Y,miles
96,Brian Drake,406-24-1562,"03416 Stephanie Road Suite 589
East Karen, IN 10956",Y,hours
97,Caitlin Turner MD,640-39-9888,"60727 Kim Circle
North Maryborough, WA 23662",N,hours
98,Jonathan Mitchell,133-69-5669,"71316 Tran Creek
Port Amanda, NC 36012",Y,hours
99,Amanda Peterson,628-58-8587,"29494 Clifford Tunnel
Lake Lori, MA 98073",Y,hours
100,Lawrence Phillips,351-06-7056,"USS King
FPO AA 37939",N,hours
101,Jessica White,517-26-5071,"3019 Duncan Corner
Haydenberg, CA 22438",N,miles
102,Jennifer Nelson,734-38-9907,"6405 Hamilton Dale Apt. 024
Brianview, VI 65204",Y,hours
103,Ryan Dougherty,059-24-2640,"33874 Mark Inlet
Michaelbury, NH 35374",Y,miles
104,Amber Lopez,511-48-7691,"68683 Thomas Forges
Brittanybury, MT 00783",N,miles
105,Miguel Banks,282-05-8826,"30289 Greene Mountains Suite 752
New Sarah, PR 78328",Y,miles
106,Debra Scott,138-38-6725,"715 Flynn Ports
Lake Jamesbury, FM 64032",N,miles
107,Misty Kelley,742-44-6102,"68109 Richard Stream
West Michael, OK 44964",Y,hours
108,Timothy Mclaughlin,358-21-0991,"33424 Fernandez Ports
New Diana, WI 77584",N,hours
109,James Zimmerman,120-13-9751,"90270 Cox Falls Suite 668
Andersonville, MT 25068",Y,hours
